node,character,degree,betweenness_real,betweenness_null_mean,betweenness_null_sd,betweenness_z,harmonic_real,harmonic_null_mean,harmonic_null_sd,harmonic_z,betweenness_surprise_rank
196,Rockman_(character),2,0.007246376811594203,0.0002290819050902719,0.0010192943601149852,6.884463586860542,91.3499999999999,95.38129761904747,8.376600507908423,-0.4812569986167532,1
252,Turbo_(comics),5,0.007513454854109664,0.0009435190250740308,0.0014193794044673532,4.628738312221119,96.64999999999982,109.13058333333312,6.222011093508172,-2.005876097899456,2
165,Nightmask,5,0.007656023014765652,0.0009034967120593348,0.0015215128333793773,4.438034405341507,94.51666666666652,109.40674999999978,6.080481789051796,-2.448832814554855,3
105,Hercules_(Marvel_Comics),26,0.03737937581542801,0.017555751693571427,0.004484521234976642,4.420454956761919,140.49999999999991,139.39958333333325,2.158748860552569,0.509747422117916,4
22,Black_Widow_(Natasha_Romanova),25,0.03512029844667589,0.016023087535591025,0.00434670252795649,4.393493869952728,138.58333333333323,138.32258333333326,2.7133049446718536,0.09610051406570086,5
117,Ikaris,5,0.005315441206878625,0.0007717547485571026,0.0011416876751915283,3.979798115591708,103.28333333333306,108.65458333333311,6.3717947323646875,-0.8429728554684119,6
99,Guardsman_(character),8,0.008399531107300958,0.0018661441174716413,0.0017158457781484904,3.8076772825581493,110.41666666666643,117.09616666666645,5.109260625311032,-1.30733201726099,7
255,U.S._Agent,21,0.025459877680132557,0.011759982743231126,0.0040470482754752235,3.3851572811526998,135.41666666666654,134.5172499999999,2.798814944992811,0.3213562469629263,8
90,Genis-Vell,8,0.007777682979737589,0.0019697110461113004,0.0017422826166819852,3.333541802010876,103.53333333333308,116.13616666666645,5.334629006664809,-2.362457317573172,9
54,Deathlok,20,0.021330119722229788,0.010809041629672585,0.0034953483890403144,3.0100227277904845,131.49999999999986,133.58824999999987,3.0349843637060063,-0.6880595580565243,10
52,Darkhawk,15,0.015739854546835567,0.006757303941620755,0.0033999752793988343,2.6419458575601933,128.83333333333323,128.35199999999983,3.325846936462903,0.14472504072761155,11
53,Deadpool,41,0.05599383626150203,0.03991518338464937,0.0065800830622602825,2.4435334211920394,150.83333333333337,150.70058333333336,1.5154106728073828,0.08760001653814996,12
232,Star_Brand,16,0.014780366029678853,0.00721732918750384,0.003109115381557797,2.4325365623406405,121.7833333333331,128.96324999999985,3.4855449678322663,-2.0599122182985585,13
104,Hellion_(character),12,0.009333163221761833,0.004048884211857448,0.002237978598481219,2.361183888662075,124.91666666666652,123.78974999999981,4.448771208302284,0.2533096475187695,14
258,Union_Jack_(Marvel_Comics),8,0.005406870241694389,0.0019550899702559838,0.001566982538734178,2.202819869471413,103.99999999999979,116.44758333333311,5.301233065978288,-2.348054344793508,15
88,Garrison_Kane,7,0.0053791877071823375,0.0016155093403944036,0.0017850219767941438,2.1084773272917396,112.2499999999998,114.86408333333311,5.624305924670421,-0.4647832760780158,16
182,Quasar_(character),24,0.024216121280981107,0.015233431978879842,0.004302152282397571,2.087952427638208,125.83333333333306,137.7429166666666,2.3469448864666163,-5.074504902952238,17
264,War_Machine,16,0.013558834863767267,0.007183579676395754,0.0030540563607728537,2.0874713607964335,119.6666666666664,129.21074999999985,3.1688958465649453,-3.0118008907358527,18
40,Captain_Universe,17,0.015329332039641198,0.008263645623042683,0.003398661639505232,2.0789614165966572,132.41666666666657,130.4016666666665,3.1987412899940746,0.6299352830762391,19
170,Nova_(Richard_Rider),21,0.019137154637872075,0.011792371135867835,0.003713775579125589,1.9777133393002637,131.08333333333323,134.50241666666656,2.825325365559383,-1.2101556072131865,20
15,Black_Bolt,18,0.016169937158098096,0.009050481141237082,0.0038956268634238174,1.8275508067022141,132.58333333333326,131.8020833333332,2.9514170278161083,0.26470335863655986,21
109,Hulk,65,0.10504922646350522,0.09234134759066294,0.008273108324251953,1.5360464742846591,164.33333333333334,165.76008333333337,0.9310496371603912,-1.5324102422202455,22
271,William_Burnside_(character),5,0.0038796502535821706,0.0011417286337988045,0.0018016295745039005,1.5196917604648472,114.08333333333312,109.47574999999978,6.129216446010343,0.7517410053829192,23
162,Motormouth_(comics),4,0.002342383370243776,0.0005702125600698788,0.0011946064318268813,1.4834767024180187,109.83333333333309,106.14049999999979,7.228469543620451,0.5108734720467127,24
35,Cable_(character),24,0.021911164658837492,0.015645814719514005,0.0042250093013204695,1.4829197979198143,132.08333333333317,137.5759166666666,2.363089575886382,-2.3243229496593143,25
3,Ajak,4,0.002243876243716487,0.0005555757050504814,0.00113933204137194,1.4818336335323448,95.43333333333314,106.79166666666644,6.740971793877451,-1.684969716628931,26
150,Makkari_(character),6,0.0034041723753930257,0.0012473398756625317,0.0014791439398989844,1.4581626855583718,95.48333333333318,111.78324999999978,5.652957724689815,-2.8834315522076546,27
32,Brian_Braddock,11,0.006766386333664816,0.003655519838179922,0.0023500867877941835,1.3237240903791416,125.16666666666652,121.77316666666647,4.415585749971886,0.7685277089277799,28
219,Solo_(Marvel_Comics),13,0.008448384960589231,0.005072276423237581,0.0027908525278797646,1.2097051003682053,124.74999999999979,125.27283333333315,3.994480876245,-0.13088893138596136,29
62,Doctor_Nemesis,15,0.010356135759167502,0.006529882976875534,0.003199829832519262,1.1957675822028062,129.41666666666652,128.2109166666665,3.7224317372928977,0.32391460343525147,30
25,Blazing_Skull,8,0.004506232138324672,0.0020711124872920986,0.0020794417894876064,1.171044875284828,111.3333333333331,116.92558333333312,5.1355595896645205,-1.088927097887172,31
257,Union_Jack_(Joseph_Chapman),7,0.0037741093110523123,0.0016251431660589235,0.0018387767148160248,1.1686933642774562,99.84999999999985,113.88591666666645,5.597872666020609,-2.507366191422211,32
114,Human_Torch_(android),17,0.012352108351859573,0.008460571792243732,0.003583198167318243,1.086051169346396,118.14999999999976,130.28474999999986,3.2576644913653787,-3.724984580875019,33
64,Doctor_Strange,57,0.08267034461965445,0.07372661659493186,0.00824527693013552,1.0847092342082905,160.08333333333337,161.04933333333335,1.011679201807653,-0.9548481359248521,34
190,Red_Wolf_(comics),9,0.004439789789272259,0.002436027423822521,0.0018607938971956929,1.0768319739598813,117.66666666666642,118.82383333333313,4.811517365436901,-0.24049932251707398,35
198,Rom_the_Space_Knight,15,0.010059905505742742,0.006556520251456446,0.003339612362145329,1.0490394915282208,124.58333333333314,128.02208333333317,3.550381557769703,-0.9685578702026041,36
113,Human_Torch,18,0.012080761171325893,0.008825078428679599,0.0033566008425554624,0.9699344352686462,130.9999999999999,131.6173333333332,3.1052075458570885,-0.1988058202927341,37
212,She-Hulk,37,0.0398037765336183,0.03373602306284757,0.0062787844688338345,0.9663898324411987,147.16666666666663,147.88566666666668,1.6751809655820367,-0.42920736014346755,38
251,Toro_(character),7,0.003379208301692016,0.0016728389980301453,0.001873114915312752,0.9109795078306554,115.74999999999976,115.11741666666646,5.378450627160179,0.11761441671303484,39
158,Moon_Knight,27,0.023422991518455945,0.019351444243248,0.004540464884675874,0.8967247580637542,141.16666666666657,140.06958333333327,2.0613899225760113,0.5322056352940419,40
183,Quicksilver_(Marvel_Comics),15,0.008263748884163263,0.006094895540868847,0.002446454792806839,0.8865290908588881,119.49999999999974,128.13108333333315,3.4117651557844235,-2.5297999537570672,41
210,Shang-Chi,18,0.012160648592646464,0.009363387916412266,0.003268227957911582,0.8558952166915753,132.58333333333323,131.45666666666654,3.167180598338289,0.3557317404816817,42
237,Stingray_(Marvel_Comics),8,0.0035536623845748507,0.0021320144061490105,0.0017484299173833235,0.8130997784306158,117.41666666666643,116.38483333333312,5.508005743939043,0.18733338004752986,43
12,Beta_Ray_Bill,7,0.0026567555842322353,0.001501171550445342,0.0015677802354913885,0.7370829199315038,122.24999999999983,115.00449999999978,5.630186723411613,1.2869022566998696,44
119,Iron_Fist_(character),26,0.020884731490128542,0.01767658074177525,0.004743101546140164,0.6763824719215674,135.7499999999999,139.22383333333326,2.1905203548249426,-1.5858484609292702,45
265,Werewolf_by_Night,15,0.00867480725683697,0.006676606016525749,0.0030521074150449455,0.6546955819645668,129.4166666666665,127.98474999999982,3.5266813341372227,0.4060238311883016,46
188,Red_Guardian,8,0.0027725036623929933,0.0017185769876110978,0.001609944245597812,0.6546355115487534,113.66666666666642,117.40158333333312,5.153497724667949,-0.724734319526134,47
110,Hulk_2099,4,0.0012974560677708772,0.0005640681863378338,0.001125330861265804,0.6517086722460521,107.7833333333331,106.50599999999979,6.902087627933587,0.1850647807141413,48
273,Wolverine_(character),63,0.09247007767117231,0.08804323247271781,0.007614149759152514,0.5813971800506361,163.25,164.70825000000005,0.8801172411558453,-1.6568815287437735,49
61,Doctor_Druid,9,0.0037088060840058936,0.002592993728495004,0.0019563197762448178,0.5703629688049806,116.99999999999976,118.25683333333312,4.85534271164986,-0.25885574056754596,50
47,Crane_Mother,3,0.0005016132288081175,0.00020416648240832483,0.0005388508038675378,0.5520020463269311,105.44999999999976,102.78566666666646,6.854255473094937,0.38871228885349135,51
116,Hyperion_(character),10,0.004427166886988874,0.0031733900176694873,0.0023162817302631697,0.5412885889217525,113.61666666666636,120.61458333333313,4.669448781100301,-1.498660119153891,52
95,Golem_(Marvel_Comics),3,0.0009145990186622803,0.0003453375299851676,0.0010660505862550807,0.5339910657306292,102.28333333333308,101.76329761904742,7.232060041662815,0.07190699624862167,53
168,Nomad_(Marvel_Comics),6,0.0018745807623078584,0.0012180825979490554,0.0014024835356549546,0.4680968779089594,101.81666666666646,112.02241666666644,6.132856655585278,-1.6641103115797533,54
1,Adam_Warlock,25,0.01854582759474331,0.016484507510859857,0.004736139357087628,0.4352321434120579,140.0833333333333,138.16641666666658,2.528373040733929,0.7581621207724438,55
108,Hrimhari,2,0.00012787456647161692,6.792401040343107e-05,0.00014042101226825716,0.4269343675835184,89.36666666666656,96.74774999999984,8.337332822071136,-0.8853051078629834,56
84,Franklin_Richards_(character),14,0.0073055022617779354,0.006010639327749235,0.003093225811080684,0.41861248195659945,117.33333333333306,126.54191666666648,3.594196644373499,-2.5620699823836603,57
211,Shatterstar,5,0.0012585575631756814,0.0008004444094492542,0.001113816622403847,0.4113003384145265,97.01666666666648,109.41299999999978,6.541766162330563,-1.8949520703927145,58
101,Hank_Pym,27,0.02098349723286165,0.018926983489955876,0.005047986227487524,0.4073928989163149,133.49999999999986,140.30333333333328,2.1175340155688422,-3.2128566924134243,59
43,Chase_Stein,6,0.0020081333952712602,0.0013234898022775193,0.0016962952887352627,0.4036110915005859,108.78333333333315,111.46783333333312,5.783661818059913,-0.4641523111910557,60
189,Red_Raven_(Marvel_Comics),5,0.0017113045038595028,0.0010016492328219617,0.0017946516650533516,0.3954278620505693,98.9833333333331,110.13816666666645,6.581886932684269,-1.6947774167831389,61
135,Justice_(New_Universe),6,0.0017711553812952692,0.0011916351541520318,0.0015066544052917445,0.3846404491353946,97.06666666666648,111.54441666666645,5.886095027907262,-2.4596527802146917,62
262,Vindicator_(comics),6,0.0016535905998772411,0.0011377528744266046,0.0013721743930502296,0.375927234951508,103.53333333333309,112.96724999999978,5.957803973743943,-1.583455365138226,63
202,Sabra_(character),10,0.004136403672644219,0.003211834940124747,0.0024807946297421913,0.37269055706378856,124.91666666666653,120.68808333333314,4.715976438981864,0.8966506487140767,64
98,Guardian_(Marvel_Comics),7,0.0017895464314852468,0.0013902968720928372,0.0011257327875310978,0.3546574851639741,104.19999999999978,114.12016666666645,5.958002700177409,-1.6650154700955884,65
136,Karnak_(character),10,0.003933526129972923,0.0031139059696647124,0.002436199073381747,0.3364339840957561,118.19999999999975,120.6414999999998,4.7523966124741674,-0.5137407920861569,66
260,Vance_Astrovik,11,0.004184069688164738,0.0035130854015293774,0.0020283557979561386,0.3308020650575576,112.44999999999978,121.92016666666646,4.520132268932342,-2.095108307284898,67
27,Blue_Diamond_(character),9,0.0031443899280369633,0.0024966330130617464,0.0019806381723725124,0.3270445475658483,100.61666666666645,119.84083333333314,4.9850647261436505,-3.856352469376688,68
18,Black_Knight_(Marvel_Comics),7,0.0025373812044095093,0.0018487790970057355,0.0021979177348882156,0.31329748901580046,111.0333333333331,113.68458333333311,6.299487260670353,-0.4208675865657477,69
77,Fandral,2,0.000484853011092319,0.0002154136745817667,0.0010137802616165597,0.2657768618230031,101.06666666666645,97.66933333333317,8.458345308636506,0.40165460375144374,70
224,Spider-Man,106,0.2349468109924437,0.2325463588817825,0.00954061118276202,0.25160359904387863,188.00000000000003,188.57950000000002,0.5616357371857579,-1.0318075607221011,71
33,Bucky_(Marvel_Comics),12,0.004704911391915597,0.004218389899696955,0.0023442838557646644,0.2075352312913263,108.09999999999978,123.73758333333315,4.182641736628319,-3.7386858158066927,72
195,Rocket_Raccoon,16,0.008134042801912685,0.007563074246508279,0.0028834762301546252,0.1980139629497787,129.6666666666665,128.7046666666665,3.604833500632333,0.2668639202979117,73
9,Ares_(Marvel_Comics),9,0.0029673695157766467,0.0026283145686993525,0.0022282289569652484,0.15216342378885178,109.58333333333309,118.55991666666645,4.978713790089712,-1.802992441783165,74
268,Whizzer_(Robert_Frank),8,0.0024740020154788087,0.002169151689083414,0.0020270695617004226,0.15038967194577615,110.11666666666646,116.50383333333312,5.166333190189091,-1.2363056023556398,75
56,Delroy_Garrett,7,0.001967414011376531,0.0016995757880082696,0.0018028754338918207,0.14856169113696668,103.39999999999979,114.16274999999978,5.5322865797417835,-1.945443325262866,76
21,Black_Rider_(character),4,0.0006009171862949991,0.000468810426908282,0.0009304424500525991,0.14198273023683408,102.44999999999978,106.19133333333312,6.551759721165455,-0.571042512631678,77
45,Cloak_and_Dagger_(characters),28,0.0213922247645382,0.020700568316085268,0.005060704613984087,0.13667196590405628,140.99999999999994,141.03858333333326,2.0354648584825434,-0.01895553891413541,78
233,Star-Lord,17,0.00828251891492216,0.007894406113176284,0.003044592689040066,0.12747609988784556,131.99999999999983,130.20141666666652,3.300004981765397,0.5450244297422628,79
157,Mockingbird_(Marvel_Comics),21,0.012248869888957764,0.011750642283545606,0.00391825190323943,0.12715558308036468,133.16666666666652,134.3508333333332,2.8641879695185883,-0.4134388801534323,80
193,Rikki_Barnes,6,0.001411726600379519,0.0012166982295568935,0.0015559928584111566,0.1253401452123446,98.26666666666651,112.74033333333311,5.800363722976042,-2.495303287504956,81
247,Thor_Girl,4,0.000671023014561754,0.0005366048660444232,0.0012216660287629364,0.1100285555565813,103.5333333333331,106.60308333333312,6.923913093210649,-0.44335478488459146,82
199,Ronin_(Marvel_Comics),7,0.0017374296061941745,0.0015877456823334703,0.001383583111782802,0.1081857118563918,117.33333333333314,114.76708333333312,5.451142939360335,0.47077283214686017,83
44,Citizen_V,3,0.0005066107949604889,0.000398669470950414,0.0010980100804230681,0.0983063142448425,94.89999999999988,101.34866666666647,7.033546751070697,-0.9168442174191754,84
143,Leech_(character),6,0.0011829931941604286,0.0010809514952948539,0.0012012702559181432,0.08494483099274214,100.88333333333316,111.96133333333312,6.1446968778635895,-1.8028554085244965,85
231,Spitfire_(character),6,0.0013183216673845852,0.0011973463432837527,0.0015249806513081138,0.07932908787863047,100.06666666666642,112.0917976190474,5.895924417987324,-2.0395666734964633,86
121,Iron_Man_(Ultimate_Marvel_character),5,0.0008076961121711706,0.0007513050852436889,0.0010049826918245082,0.05611144090960002,119.49999999999983,109.65488095238074,6.097623949546259,1.6145828488409317,87
8,Arabian_Knight_(character),10,0.0030469047334393687,0.0029478745417496756,0.0018668329813868898,0.053047162053095176,116.61666666666646,120.09774999999979,4.9295210488239825,-0.7061707007344659,88
154,Marvel_Boy_(Robert_Grayson),3,0.00041504774416309067,0.0003606533821367863,0.0011449093977706113,0.047509752415537926,92.11666666666656,101.67633333333313,6.685800715816567,-1.4298461879145328,89
145,Living_Lightning,6,0.0012620821356461819,0.0012121888808649972,0.0015662412645377005,0.03185540817423902,111.83333333333306,111.72058333333311,5.482336485251622,0.02056604885585999,90
171,Outlaw_(Marvel_Comics),9,0.0026056385771970865,0.0025566863419962875,0.002197006745772949,0.022281331313608106,110.48333333333314,118.68241666666646,4.902792990819845,-1.6723290884778452,91
85,Frog-Man,6,0.0012520732704196338,0.0012330591390580055,0.0015600292765990521,0.012188317005870648,114.91666666666646,112.86816666666645,6.228342305805014,0.3288997135065516,92
115,Hybrid_(Scott_Washington),5,0.0008245746767959797,0.0008113013695663377,0.0010969658178322833,0.012100018992270409,114.41666666666647,109.46241666666644,6.40738925517101,0.7732088379056664,93
253,Two-Gun_Kid,6,0.0015135949884659138,0.0014945006104377344,0.0018805015504118352,0.010153875185052449,101.8999999999998,111.6157976190474,5.881736005066426,-1.6518588407705772,94
17,Black_Jack_Tarr,1,0.0,0.0,0.0,0.0,88.24999999999991,87.84563095238086,11.63346630641444,0.0347591196783796,95
28,Blue_Eagle_(character),1,0.0,0.0,0.0,0.0,90.68333333333322,88.22463095238086,9.488924535524905,0.25911286065637895,96
39,Captain_Ultra,1,0.0,0.0,0.0,0.0,98.78333333333312,87.5634642857142,10.961922206165838,1.0235311687678268,97
57,Detroit_Steel,1,0.0,0.0,0.0,0.0,81.95000000000002,88.33833333333325,10.084277057599419,-0.6334944286877805,98
60,Digitek_(character),1,0.0,0.0,0.0,0.0,87.54999999999993,87.84927976190468,10.104335750401638,-0.02961894470825164,99
65,Dogpool,1,0.0,0.0,0.0,0.0,95.46666666666653,86.62358333333326,10.8820228198561,0.8126323092428698,100
74,Enigma_(Marvel_Comics),1,0.0,0.0,0.0,0.0,108.66666666666647,88.10329761904754,9.880958163384,2.081110830306001,101
75,Ethan_Edwards,1,0.0,0.0,0.0,0.0,108.66666666666647,87.19171428571421,10.884350562016612,1.9730118263457934,102
82,Force_(comics),1,0.0,0.0,0.0,0.0,77.90000000000005,87.32734523809515,14.025915297133764,-0.6721376137229066,103
103,Helix_(Marvel_Comics),1,0.0,0.0,0.0,0.0,108.66666666666647,86.4579642857142,12.317261745477847,1.803055162735822,104
149,Mahr_Vehl,1,0.0,0.0,0.0,0.0,74.33333333333339,87.67651190476182,11.611829736275899,-1.1491021548261016,105
153,Mark_Hazzard:_Merc,1,0.0,0.0,0.0,0.0,69.80000000000007,86.45846428571421,12.439492672337485,-1.339159459674643,106
160,Moonglow_(comics),1,0.0,0.0,0.0,0.0,98.78333333333312,88.41613095238087,9.256290551841298,1.1200169574290173,107
164,NFL_SuperPro,1,0.0,0.0,0.0,0.0,108.66666666666647,87.85133333333324,11.443644519484556,1.818942671444568,108
191,Redneck_(comics),1,0.0,0.0,0.0,0.0,70.91666666666676,88.13992857142848,11.529572446036646,-1.493833529853253,109
220,Solomon_Kane_(comics),1,0.0,0.0,0.0,0.0,91.8166666666665,88.16492857142849,8.601439355279627,0.4245496531922361,110
244,The_Witness_(character),1,0.0,0.0,0.0,0.0,68.40000000000008,87.5795892857142,11.5176063537088,-1.665240910021038,111
249,Thunderclap_(comics),1,0.0,0.0,0.0,0.0,108.66666666666647,88.94279761904752,11.492421873422764,1.7162500006401722,112
124,Jack_Frost_(Marvel_Comics),7,0.001457771867295519,0.001474402564823587,0.0014740064975699262,-0.011282648723384628,101.6999999999998,114.41024999999978,5.558574363996435,-2.2866024933165985,113
242,Tarantula_(Marvel_Comics),13,0.004774771052617009,0.004808089452913556,0.002624493218941016,-0.012695174845980676,121.83333333333316,125.24599999999981,3.803685596970816,-0.8971999866088922,114
83,Frankenstein's_Monster_(Marvel_Comics),11,0.0035354617412791506,0.0035736302603594913,0.0021352367303725042,-0.01787554444779617,121.74999999999984,122.14541666666646,4.548419614204375,-0.08693495767887442,115
19,Black_Marvel,6,0.0012677244619914987,0.0013106022103328656,0.00160652050262285,-0.026689823299088637,113.99999999999979,111.82066666666644,6.01742983879996,0.362170127731471,116
177,Phoenix_Force,32,0.02570981488784128,0.025921198175608354,0.005508557572204982,-0.03837361868262365,143.0833333333333,144.17666666666665,1.7967174921256814,-0.6085171086300544,117
30,"Bob,_Agent_of_Hydra",7,0.0015803709106315131,0.0016651339015486758,0.001643969205577253,-0.0515599626985711,125.33333333333319,115.55533333333312,5.247960109934754,1.8632001378001384,118
91,Ghost_Rider,22,0.012907214516713813,0.013111291068562257,0.0037489212877029653,-0.054436072722531384,135.99999999999991,135.91516666666658,2.791383802764957,0.030391139064898768,119
194,Robbie_Baldwin,15,0.0064702399557294505,0.0067505379524262854,0.0032462691371044857,-0.08634465746941955,131.2499999999999,128.11774999999983,3.713658101894531,0.843440595245462,120
10,Balder_the_Brave,3,0.00018927388283352013,0.0002812612929474564,0.0007893718869878592,-0.11653241220047533,94.21666666666651,100.8149999999998,6.737338145969217,-0.9793679922805872,121
267,White_Tiger_(comics),5,0.0008680370763527978,0.001057590909954366,0.001626595104586221,-0.11653412276178438,114.66666666666647,108.88158333333311,6.4829186282519435,0.8923578506943644,122
246,Thin_Man_(character),4,0.0003570384222088725,0.0004525349513873014,0.0007944447110718327,-0.12020538100076067,93.13333333333317,106.64491666666646,7.231734378826922,-1.868373840290998,123
23,Blackwulf,2,4.7947829420270265e-05,0.00016020254793531794,0.0008794191575838704,-0.127646432929046,95.18333333333317,97.16354761904745,8.210547721859559,-0.241179316264396,124
50,Dargo_Ktor,2,4.435398734766079e-05,0.00016340356406993736,0.000877275602257935,-0.13570373599341684,93.69999999999982,96.22229761904747,8.303148124673356,-0.30377605953487374,125
125,Jack_Monroe_(character),4,0.00046939056401231805,0.0006497223840126728,0.0012917134564853947,-0.13960667444853994,96.18333333333318,105.83516666666645,6.837359762800482,-1.4116316338720816,126
102,Hawkeye_(comics),3,0.00017644241646052724,0.00035120454708773675,0.0012489866339594688,-0.13992313918779756,96.48333333333319,101.40491666666647,7.350544140095974,-0.6695536057646222,127
66,Doom_2099,9,0.0022213584920997916,0.0025987321160606974,0.002590001885995607,-0.14570399581614277,119.91666666666647,118.69474999999979,5.410507018925568,0.22584143452591582,128
204,Scarlet_Scarab,2,8.379261047245237e-05,0.0002925190655194411,0.001429679664658603,-0.14599526048153663,96.44999999999982,96.40974999999985,8.157798876948947,0.004933928944203831,129
111,Hulkling,11,0.003255372824995988,0.0036416946710875627,0.0025561223243860415,-0.15113589925097415,121.33333333333313,121.9519999999998,4.4466185372044915,-0.13913194070737944,130
167,Noh-Varr,18,0.008870432324370608,0.009424948441022606,0.0036686864771715262,-0.15114840695777249,134.2499999999999,131.6785833333332,3.03017321054918,0.8486038546293717,131
59,Devil_Hulk,2,1.15244590366655e-05,9.256556628638948e-05,0.000520790701435945,-0.15561166323875253,104.08333333333309,96.86074999999984,7.7326240970151305,0.9340404037125296,132
259,Ursa_Major_(character),4,0.0003491185396362364,0.0005044590044684486,0.0009690490000580031,-0.16030197113140218,111.16666666666642,106.37424999999979,6.824352229645776,0.7022522439342759,133
46,Coldblood,2,5.698355414801539e-05,0.0002402865894573841,0.0011282430281152462,-0.16246768713969392,92.39999999999989,96.1228809523808,8.171655615759185,-0.45558466086129007,134
269,Wild_Child_(character),3,0.0003008236984393965,0.0005913495947102471,0.0017043092759234572,-0.17046547852263083,101.61666666666645,102.26608333333313,7.295536327105179,-0.08901561688534086,135
175,Peggy_Carter,3,0.00017282099102756596,0.00031528538765072576,0.0008197364201535553,-0.17379293285087047,90.16666666666663,102.28433333333314,6.999429991947323,-1.7312362121783624,136
148,Magician_(Marvel_Comics),3,0.00011005997295139691,0.0003531536018574695,0.0013405008479427283,-0.18134537496126862,97.23333333333315,102.86266666666647,7.910670697720373,-0.7116126493491295,137
248,Thunderbolt_(Marvel_Comics),2,0.0,0.000163520418933824,0.0008800048379445554,-0.185817636316366,94.44999999999985,96.38549999999984,7.837609280581894,-0.24695030470519852,138
241,Synapse_(character),2,3.110564783532648e-05,0.00022204786806287016,0.0010211459704078487,-0.18698817383696947,91.33333333333321,96.4184166666665,7.134422105246011,-0.7127533608635485,139
250,Timeslip_(comics),2,0.0,9.846341826125608e-05,0.0005189893702071056,-0.18972145464552329,97.06666666666653,97.24579761904745,7.638523888563537,-0.023450990661836188,140
4,Alex_Wilder,2,0.0,0.00013828860461895722,0.0007252589009753344,-0.1906748120333105,93.53333333333316,95.93949999999984,8.092565970136748,-0.2973304975882722,141
67,Dragon_Lord_(character),2,0.0,0.00011285713377507563,0.0005634188777810373,-0.2003076897592621,96.63333333333318,97.80988095238078,7.876346704160511,-0.1493773272354949,142
216,Silhouette_(comics),2,0.0,0.00018440007478431598,0.0009003429319735871,-0.2048109317414241,111.24999999999979,96.21883333333318,8.622526965630835,1.7432437992459104,143
215,Silencer_(comics),2,1.3759691528354367e-05,0.00013648653244863537,0.0005909996981571979,-0.2076597353652748,98.5666666666665,97.35421428571412,7.713948286079051,0.15717662810112856,144
206,Scarlet_Witch,32,0.02434413623096369,0.02548127037413646,0.005431589590546437,-0.2093556820183777,144.0833333333333,144.16616666666664,1.8012487990782913,-0.045986614051174324,145
181,Puck_(Marvel_Comics),9,0.002086747241973852,0.0025817214204939933,0.002271530629645238,-0.2179033696752067,123.99999999999982,118.5669999999998,5.0328687817391575,1.0795036063154808,146
243,The_Union_(Marvel),2,0.0,0.00019839236130766356,0.0009058533015239484,-0.21901157833602994,76.98333333333335,96.33621428571412,7.7388815496455035,-2.5007335786483607,147
134,Junior_Juniper,2,0.0,0.00019707155024306595,0.0008956461804781751,-0.22003281489778892,101.99999999999979,96.99983333333317,8.017369994952007,0.6236666974101084,148
38,Captain_Marvel_(Marvel_Comics),17,0.00732259932502273,0.008072691700126703,0.003332922598224969,-0.22505544398284358,122.66666666666643,130.6268333333332,3.210483590604237,-2.4794291707214744,149
272,Wolverine_(Ultimate_Marvel_character),11,0.002898867293722745,0.0034507188307595915,0.0024023249720336085,-0.22971560611539357,119.74999999999977,122.23866666666646,4.349444267754545,-0.5721803783340564,150
218,Skull_the_Slayer,3,0.00013189611686267473,0.00035193778798621754,0.0009525825940448975,-0.23099484758501868,93.98333333333316,101.78408333333314,7.294745111826044,-1.0693656708242778,151
87,Gargoyle_(comics),8,0.0014947637397598793,0.0018849796278419268,0.0016149114454510815,-0.24163299429279317,111.61666666666642,116.80158333333311,5.203298195294707,-0.9964673313083162,152
187,Raza_Longknife,5,0.00047890647627815924,0.0007267868391418973,0.0010234491991862884,-0.2422009446690855,102.28333333333312,109.38266666666645,6.6043464530162685,-1.0749486544714806,153
89,Gauntlet_(Joseph_Green),6,0.0007509924895580034,0.0010480500896141588,0.0011964181725655182,-0.248289107327052,112.61666666666646,112.01583333333312,5.682486477625593,0.10573423019994535,154
184,Rachel_Summers,24,0.014339778980282795,0.015462870926245167,0.004520979714191029,-0.24841782466686763,134.3333333333332,137.63774999999993,2.343445113800621,-1.4100678728112355,155
207,Scorpio_(Marvel_Comics),2,0.0,0.0003078880355411411,0.0012369063176134135,-0.2489178292299493,113.99999999999982,96.72533333333317,8.018186328869264,2.1544356738717427,156
137,Kid_Colt,4,0.0002962914640904575,0.0006081364949435753,0.0012217500709084447,-0.2552445367334763,95.56666666666659,106.22174999999979,6.556255978478274,-1.6251780541073797,157
166,Nightwatch_(character),4,0.00022381812518694147,0.0004977777404608891,0.0010695742850815612,-0.25613893218558137,114.4166666666665,105.49483333333312,6.377156939055905,1.3990299154617007,158
144,Lei_Kung_(character),4,0.000307713562385289,0.0006248118969137733,0.0012360106366916793,-0.25654984278875903,101.19999999999982,105.51808333333312,6.721685195208412,-0.6424108252513036,159
11,Battlestar_(character),3,0.00010795569861868617,0.0004545966215494986,0.0013325394012499733,-0.260135589691119,95.96666666666651,101.03799999999981,6.594181351314606,-0.7690618536480327,160
76,Fabio_Medina,3,5.814168344167752e-05,0.0003025330825341748,0.0009260593167684954,-0.2639046923530844,113.9999999999998,102.18216666666646,7.020208627501446,1.683402012731837,161
31,Box_(comics),3,5.910031996988519e-05,0.0004471986850754673,0.0014592683181301595,-0.2659540814282009,81.41666666666669,101.24021428571409,7.00133252358603,-2.8313963880826973,162
80,Firelord_(character),2,3.337373660477858e-05,8.568123343108659e-05,0.00019384130333847588,-0.26984701364172786,97.56666666666644,96.27096428571411,7.466898319325328,0.17352618524332522,163
34,Bug_(Marvel_Comics),4,0.00015500143870737342,0.0005126687174594901,0.0013000491842510887,-0.2751182671278363,96.31666666666649,107.25499999999978,6.6097564640219115,-1.654876907019585,164
26,Blue_Bullet,3,0.0001106207375659936,0.0005052436138273114,0.00142176694450694,-0.2775580609648866,90.38333333333321,101.77066666666647,8.204607664883973,-1.3879193007694288,165
201,Rusty_Collins,4,0.0001839701837903502,0.0004502721790331862,0.0009309309642616581,-0.2860598749704775,96.71666666666651,106.10058333333312,6.725089148687089,-1.3953594456808933,166
186,Ravage_2099,4,0.000222520392281602,0.0005835183092470193,0.0012590990178037592,-0.28671130058945193,113.41666666666649,106.44833333333312,7.121982546961074,0.9784260614773237,167
81,Flatman_(character),3,8.834206344087766e-05,0.00024904969239849,0.0005590380852804727,-0.2874717003886853,97.81666666666648,100.55841666666647,6.956668548279365,-0.39411824510140414,168
73,Emrys_Killebrew,2,0.0,8.709484681547782e-05,0.00030145672400446925,-0.2889132664169289,105.58333333333314,96.49408333333317,7.774280941559199,1.1691434961414002,169
179,Power_Man_(Victor_Alvarez),4,0.0002274858070999224,0.000620455924637861,0.001358010408989494,-0.2893719480621291,109.03333333333309,105.75958333333313,6.688130530918489,0.48948655904154076,170
92,Ghost_Rider_(Danny_Ketch),10,0.0022856761590607944,0.0028899207192401594,0.0020781030957770425,-0.290767364433104,125.08333333333316,120.37191666666646,4.556349708036129,1.0340331556107445,171
129,Jeffrey_Mace,8,0.001507491701118767,0.002090417849635617,0.0019697286702845943,-0.29594235861562923,97.68333333333321,116.32708333333312,5.58293404344894,-3.3394179216350652,172
86,G._W._Bridge,3,2.9722105634684106e-05,0.00029739499834883587,0.0008996775561574194,-0.29752091833589794,92.04999999999991,101.42741666666647,6.990452310075601,-1.3414606452790672,173
141,Korvus,4,5.483890564402161e-05,0.0006611557947736523,0.002035116633112545,-0.29792734198350024,100.69999999999982,106.44866666666645,7.023688752008593,-0.8184683105473127,174
37,Captain_Marvel_(Khn'nr),3,1.1617475385591327e-05,0.0003315106165535862,0.0010701457630231473,-0.2989248308233274,94.01666666666651,101.71483333333313,6.920531157905245,-1.112366448617617,175
208,Sentry_(Robert_Reynolds),12,0.003383995630888037,0.00423127038521243,0.002826907345182517,-0.29971790754595445,126.83333333333317,124.0484999999998,4.125574318342837,0.6750171293610293,176
176,Phil_Urich,5,0.0005476293991195087,0.000922292065007451,0.001222752201036443,-0.3064093162705956,94.34999999999995,109.51121428571408,6.29931627952687,-2.406803153381728,177
138,Killpower,3,5.8625539760485414e-05,0.0002980424035843966,0.00077241937801382,-0.30995709149547973,103.06666666666645,102.51088095238075,7.456486833288687,0.07453720856911579,178
225,Spider-Man_(Marvel_Mangaverse),3,0.0,0.00046363384567668945,0.0014931694898661539,-0.3105031604404461,111.41666666666649,102.04791666666647,6.652251781304177,1.4083576972132092,179
256,Ulysses_Bloodstone,3,3.194147663457126e-05,0.0003571506146228381,0.0010424590840249894,-0.3119634554217872,98.5999999999998,101.8334999999998,7.107170550032343,-0.4549630513630057,180
270,Will_o'_the_Wisp_(comics),3,3.3438853876092887e-05,0.00030283465849433933,0.0008630029729718867,-0.31216092302734433,112.4166666666665,101.73083333333314,7.205893725487901,1.4829296323836416,181
192,Ricochet_(comics),6,0.0006386751333614714,0.0010812724361745534,0.0013855573508788379,-0.3194362922129129,117.9166666666665,111.52024999999978,6.1749509471871615,1.0358651787477673,182
118,Inferno_(Dante_Pertuz),3,0.0,0.0003689795804000988,0.0011537953609081838,-0.3197963806247799,90.31666666666653,103.2342499999998,7.253555164739362,-1.7808623550734972,183
122,Iron_Man_2020,6,0.0007570557766431165,0.00119665330856954,0.0013695854228172697,-0.3209712403496241,116.49999999999983,112.37349999999978,6.030897596839337,0.6842265075372296,184
245,Thena,3,0.0,0.00028897360633441333,0.0008940373233322818,-0.32322320197700755,80.21666666666668,101.40191666666648,7.434599680592362,-2.8495481814982986,185
48,Crippler_(character),4,0.0001838065776141926,0.0005011285482419824,0.0009813859808830078,-0.3233406394722263,100.69999999999975,105.76516666666645,6.511064583036073,-0.7779321802249486,186
41,Caretaker_(comics),3,0.0,0.00034909708340510057,0.001045140191311527,-0.33401938448757307,94.31666666666649,101.60333333333314,7.335012180296073,-0.9934089388754807,187
71,Emma_Frost,27,0.017229596614624424,0.018909916502363535,0.004998109686799622,-0.33619107883465627,136.41666666666654,140.12258333333327,1.9776627390100319,-1.8738870857838037,188
36,Cammi_(character),4,0.0001531157699078138,0.0005521747288097584,0.0011837383769040238,-0.3371175309409605,93.51666666666654,105.66258333333312,6.968578576321841,-1.742954683461063,189
221,Speed_(character),7,0.0009875636278603485,0.0016807766563238168,0.0020424449403136217,-0.3394035328839876,110.24999999999973,114.99774999999978,5.358713604492695,-0.8859868898422906,190
147,Machine_Man,14,0.004624848295052044,0.005511431303159914,0.0025766420901051725,-0.34408465634886876,129.66666666666654,127.03516666666648,3.3447320973291155,0.786759573988423,191
235,Starr_the_Slayer,3,0.0,0.00047381320549455297,0.0013458093231356063,-0.3520656287256309,84.91666666666661,101.79108333333313,6.955516888058476,-2.4260478319932237,192
72,Empath_(character),5,0.0003788604912910164,0.0008764845254579018,0.001406125209594492,-0.3538973846506838,97.79999999999986,108.70199999999979,6.138871343621264,-1.7758964783205475,193
266,White_Tiger_(Heroes_for_Hire),3,0.0,0.0003387258426872405,0.0009468991907672164,-0.3577211238429626,94.11666666666652,102.28791666666646,7.133808226631074,-1.1454260810510741,194
172,Oya_(comics),3,0.0,0.0003147375970569131,0.0008732884821089191,-0.36040507060948285,104.61666666666648,102.39066666666646,7.4186505053850125,0.30005457170198485,195
106,Hit-Monkey,4,0.00012332423195397885,0.0007395734626328902,0.001663055087019944,-0.37055250634131337,115.41666666666649,105.60541666666646,6.405335213723587,1.5317309200272902,196
112,Human_Fly_(character),5,0.0003753533843150887,0.0008515891780918335,0.0012735318850994157,-0.3739488577779648,112.66666666666646,108.74516666666645,6.271308642398246,0.6253080853791891,197
79,Firebird_(Marvel_Comics),13,0.00399676653739389,0.0051583419918962365,0.002981649302837466,-0.38957480794167876,124.33333333333314,125.36249999999981,3.8455299922472643,-0.2676267429304954,198
55,Debrii,5,0.00038261849974567094,0.0009254613139982133,0.001344285376770655,-0.40381515981123056,101.31666666666645,109.94516666666645,6.3154102802002186,-1.3662611955792763,199
51,Darkdevil,4,8.72216458745718e-05,0.0005366260402901924,0.0011106010999040311,-0.4046496932647144,106.49999999999979,106.31416666666645,6.992359383950966,0.026576627877546465,200
185,Radioactive_Man_(comics),11,0.002710304628001589,0.0038703025300579497,0.0028263472272513504,-0.4104229978793051,123.66666666666649,122.42608333333314,4.193506711729208,0.29583435024998167,201
123,Isaiah_Bradley,7,0.0010184573261604523,0.0016955981008778714,0.0016351983001489515,-0.4141031547401546,117.16666666666644,114.21641666666645,5.674747041516829,0.5198910151264489,202
180,Powerhouse_(Marvel_Comics),4,9.11612000672592e-05,0.0006010287212994884,0.0012130070261584984,-0.42033352671248836,117.49999999999983,105.97658333333312,6.7517971422160645,1.7067184371721966,203
96,Gorgon_(Inhuman),5,0.00029990497390892517,0.0008607345863028966,0.001321290990021906,-0.4244557910628553,96.93333333333314,109.92258333333311,5.863194185482202,-2.2153879931458733,204
68,Dusk_(comics),6,0.000498735479780636,0.0012611832454489428,0.0017954040108812642,-0.4246664043565679,112.91666666666647,111.47316666666644,5.976111898906557,0.2415450085973364,205
254,Typeface_(character),4,0.00014855345386262232,0.0006446045116856347,0.0011470659328866593,-0.43245208806321234,114.99999999999983,106.06179761904741,6.923289552136161,1.2910340256091934,206
29,Blue_Marvel,5,0.00031830974612678125,0.0007554599063954625,0.0010089361339609274,-0.43327832709539027,109.28333333333306,109.16749999999978,6.7719147635280565,0.01710496032187764,207
236,Steel_Spider,4,6.618181506745062e-05,0.0005729361247038363,0.0011514449993383856,-0.44010292278620694,111.66666666666647,106.18941666666646,6.666853887132442,0.821564427948772,208
276,Zombie_(comics),4,4.908425063267985e-05,0.0006087651529720544,0.0012672846414656077,-0.44163787994156284,102.66666666666643,105.4707976190474,6.4580535108202035,-0.43420683146752603,209
128,Jean_Grey_(X-Men_film_series),5,0.0002156564360508849,0.0009316085325833357,0.0015102524813852647,-0.47406119530143104,100.44999999999976,109.75508333333312,6.448644393207792,-1.442951846303416,210
63,Doctor_Spectrum,7,0.0007099054453251095,0.0014021342650948454,0.001392821885654643,-0.49699737410744377,113.41666666666643,114.28366666666645,5.475423227461192,-0.15834392411014106,211
205,Scarlet_Spider,8,0.001088617637313789,0.0020103019001391467,0.0018343342168657658,-0.5024625579956705,116.99999999999983,116.45316666666645,5.223598738418888,0.10468517218053022,212
126,Janice_Lincoln,5,0.00016128298052327412,0.0009660044547108436,0.0015707711989514327,-0.5123097970759591,116.08333333333314,108.60899999999978,6.430009695089921,1.1624140067846098,213
107,Hornet_(comics),6,0.00046031670724490067,0.001217458051782986,0.0014751744135601862,-0.5132554751344963,106.19999999999979,112.36499999999978,5.992194345687881,-1.0288384595597215,214
2,Agent_X_(Marvel_Comics),5,0.00020985731760318597,0.0007110956117521236,0.0009603420374762339,-0.5219372625467746,104.11666666666648,109.7448333333331,5.990376935481256,-0.9395346448619551,215
140,Kismet_(Marvel_Comics),9,0.0015603887707204141,0.002594195379890182,0.0019736023568744914,-0.5238170726584268,115.49999999999972,118.90591666666646,4.547615783838897,-0.7489455636886755,216
120,Iron_Lad,6,0.00037189362230997936,0.0012374726032287808,0.001640016306180321,-0.5277868138608803,109.94999999999976,111.47079761904739,6.15499064845795,-0.247083660383569,217
7,Anya_Corazon,16,0.005810076769810651,0.007649501658398985,0.0034597271185735396,-0.5316676216206141,121.83333333333317,129.04083333333318,3.4569437280034063,-2.0849341404127446,218
139,Killraven,7,0.0006281323925327032,0.001657187424856298,0.0018941039430940584,-0.5432938546353543,117.08333333333313,114.50233333333311,5.331648613726999,0.48409041686560295,219
97,Gremlin_(comics),4,0.0001363716479926445,0.00035670100020858414,0.0003925465396163468,-0.5612821155710029,107.58333333333312,106.00033333333312,6.67392422379419,0.23719178506046143,220
142,Kristoff_Vernard,8,0.0010943023340739294,0.0021213533828893395,0.0018269112278746819,-0.5621789571079593,118.83333333333314,116.72433333333312,5.358168943556584,0.3936046104959384,221
42,Ch'od,6,0.000305846453801733,0.0011295603691228696,0.0014540072571698095,-0.5665129326276377,101.94999999999979,111.54508333333311,5.807386610587885,-1.6522205213339507,222
163,Ms._Marvel,11,0.0022787569258156,0.0037973594024000193,0.002581333812419397,-0.588301470068718,117.99999999999982,122.5077499999998,4.684754631372914,-0.9622168832093019,223
240,Surge_(Marvel_Comics),5,4.7601083211015586e-05,0.0011783617846815634,0.0018934608343761225,-0.597192548660835,106.28333333333312,109.33899999999979,6.053775496878859,-0.5047538793339917,224
178,Phyla-Vell,9,0.0013162513253708683,0.002421541197961992,0.0018485817484950977,-0.5979123582124098,108.16666666666639,118.66841666666646,4.710263393118465,-2.22954623203084,225
234,Starhawk_(character),6,0.00023149741216156377,0.0011938055793072454,0.0015955392297605083,-0.6031241032476055,102.2833333333331,112.22283333333311,5.662386379808255,-1.7553553101645796,226
78,Fin_Fang_Foom,7,0.0005891989408510868,0.0015749495624579014,0.0016116370985935294,-0.6116455264445552,108.53333333333306,114.38258333333312,5.472365808485056,-1.0688704309442598,227
14,Bill_Foster_(character),17,0.006163821532951749,0.008245027041090362,0.0033596117034842333,-0.6194779908583506,132.5833333333332,130.06749999999985,3.3175227004004064,0.7583469837387097,228
159,Moondragon,15,0.004570352930664159,0.006518537226960914,0.003099656231133967,-0.6285162453592598,118.33333333333306,128.03074999999984,3.64104459516744,-2.6633611353010163,229
214,Shuri_(character),10,0.0018483395257376542,0.0030655192253025657,0.0019029502096176664,-0.6396277177475194,126.08333333333314,120.41941666666646,4.716753163585932,1.2008083675849304,230
5,Anne_Weying,5,8.454634741728317e-05,0.0007142090876574982,0.000976930451159779,-0.6445317980340366,116.08333333333319,109.66608333333312,6.164242218302862,1.0410444256953393,231
275,Yelena_Belova,7,0.0004925769791059395,0.0016903007731515686,0.001845139369982646,-0.649123753755736,106.48333333333314,114.58974999999978,5.639800752996601,-1.4373586978865265,232
209,Shamrock_(comics),8,0.0008074398242091887,0.0019606807204270564,0.0017749059865687412,-0.649747595052806,112.4999999999998,117.07191666666645,5.171607724748904,-0.8840416578364191,233
239,Straw_Man_(comics),2,0.0,5.804336896650786e-05,8.396654747053894e-05,-0.6912677812181492,99.86666666666643,96.4959166666665,7.407085448748236,0.45507102939788163,234
213,She-Hulk_(Lyra),6,9.782523663016572e-05,0.0012922878527140272,0.001725204750295572,-0.6923599160500916,122.5833333333332,111.86949999999977,5.980207469571437,1.7915487694779288,235
0,Abomination_(character),9,0.0012310252687907117,0.002536317668448636,0.0018690628029271778,-0.6983673302008253,124.74999999999983,118.86591666666645,4.848006174495972,1.2137120130514527,236
200,Ruby_Summers,2,0.0,5.995637792571477e-05,8.479166998784868e-05,-0.7071022181106587,92.24999999999989,96.66749999999983,7.86546649810614,-0.5616322949266391,237
151,Man-Thing,20,0.008206729903904803,0.01123492364524644,0.004203202271115123,-0.7204492065851135,132.33333333333317,133.47566666666654,2.7690046023789376,-0.41254295220454124,238
93,Ghost_Rider_(Johnny_Blaze),15,0.004458833582067069,0.006763485095222113,0.00313765852186503,-0.7345131718747886,129.1666666666665,127.7801666666665,3.3626899868283378,0.41231871074375176,239
146,Luke_Cage,28,0.01664761661317231,0.01997034635213355,0.004505774528398729,-0.7374380848440015,138.08333333333323,141.18608333333327,2.059489874050808,-1.5065623963944277,240
197,Rockslide_(character),7,0.00034910202508571547,0.0016225499728972522,0.0017126478025691083,-0.7435550647957293,113.44999999999972,114.10749999999977,5.787956978062271,-0.11359794181127064,241
94,Gladiator_(Kallark),10,0.0014745236961267213,0.0030261556832284053,0.0020655459865681547,-0.7511970187019055,122.24999999999982,120.18849999999979,4.6953935722617395,0.4390473276145439,242
20,Black_Panther_(character),31,0.020627146238301714,0.02478470493549541,0.005156767889709636,-0.8062334365465882,138.16666666666657,143.4260833333333,2.062455574534681,-2.55007512966835,243
263,Vulcan_(Marvel_Comics),11,0.0016935268322920969,0.0034003977760153014,0.0021163400120934087,-0.8065201876681565,111.7833333333331,122.92708333333314,4.227885426553943,-2.635773885926485,244
70,Elsa_Bloodstone,15,0.00404782077141716,0.00660371339281788,0.003011791011675209,-0.8486288097324156,122.91666666666647,127.8776666666665,3.4930905876763716,-1.4202322772568343,245
6,Anole_(character),8,0.000293627059980062,0.0021505260558849506,0.0021359498287904645,-0.8693551556669309,105.7833333333331,116.96408333333312,5.012153319437015,-2.230727850371481,246
274,Xorn,9,0.00047559512762830814,0.002669745320340809,0.002355711641211266,-0.9314171371094923,125.24999999999986,118.95899999999979,5.026540348261123,1.2515566501274322,247
58,Devil_Dinosaur,12,0.0019359659845460185,0.0044012163921054665,0.0026226491333284268,-0.9399848329809857,129.66666666666652,123.1647499999998,4.120774463828649,1.577838516458318,248
152,Mania_(character),7,0.00020331458249082149,0.0015088773915408176,0.0013859169552069318,-0.9420209516486232,122.08333333333317,115.59108333333312,5.628199041312619,1.1535217486704097,249
127,Jean_Grey,24,0.010814104873744596,0.015027827772101729,0.004430858331292007,-0.9509947245658024,131.33333333333314,137.05333333333323,2.5032368771662514,-2.285041440614808,250
227,Spider-UK,8,0.0002150317139993954,0.002217737336479547,0.0021031108256465993,-0.9522587198249155,115.24999999999982,116.96274999999979,5.741611991118948,-0.29830472742658876,251
100,Gwenpool,15,0.003896882530202447,0.006840479621630369,0.003090850776557387,-0.9523582030403042,131.74999999999986,128.2129166666665,3.632447081029901,0.973746693188024,252
69,Eddie_Brock,22,0.009292254154006495,0.013273287143372964,0.004153502355477846,-0.9584761602737711,132.24999999999991,135.7654999999999,2.7272711863607006,-1.289017394962873,253
217,Silk_(character),12,0.0016697164766930567,0.0042350057067491315,0.0025600757411501237,-1.002036458852428,118.6666666666665,124.06616666666648,3.8937877013669837,-1.3866960435733011,254
229,Spider-Woman_(Gwen_Stacy),18,0.00559454441050461,0.009305030697700133,0.0035550454029502276,-1.0437240222350743,123.49999999999982,131.36124999999987,3.1617549572267603,-2.486356503381691,255
226,Spider-Man_Noir,9,0.0005437396552979368,0.0024371618599258295,0.0017654654644648463,-1.0724776228924042,117.6666666666665,118.47208333333313,5.024344402649763,-0.16030283796665412,256
169,Northstar_(character),17,0.00463895378575525,0.008274060782683824,0.003332890447537315,-1.0906770126856606,126.16666666666643,129.73933333333318,3.771670695129172,-0.9472371676775965,257
130,Jericho_Drumm,15,0.003033405556145122,0.006665689994236989,0.0032022597537830024,-1.1342878833613836,124.16666666666647,127.84649999999984,3.6628972516061435,-1.00462368463101,258
174,Patsy_Walker,13,0.0020396541164524854,0.004866071557643383,0.0024719953733752637,-1.1433748912449242,121.53333333333312,125.14849999999981,4.039701836380596,-0.894909281202232,259
203,Satana_(Marvel_Comics),10,0.00048134894249588997,0.003095573761345373,0.0021794329992600283,-1.199497676568666,122.41666666666649,119.65116666666646,4.9975048240875735,0.5533761541700856,260
173,Paladin_(comics),13,0.0016288952930645269,0.005448581289949728,0.0030719641563909383,-1.2434018765937411,124.16666666666644,124.98608333333314,3.9629857706776086,-0.20676750159680485,261
24,Blade_(character),22,0.008387440004701305,0.013164605665354536,0.003832614307562439,-1.246450928085047,134.3333333333332,135.5499999999999,2.6774853824436704,-0.45440646460459005,262
132,John_Jameson_(character),14,0.002379372933931516,0.006108977798012572,0.002882093212083244,-1.2940611526527315,127.41666666666653,126.42816666666648,3.978075168864312,0.24848700892754833,263
222,Spider-Bitch_(Ashley_Barton),16,0.0027612168115109486,0.007356697136747236,0.0033884676328231654,-1.3562119586804127,130.8333333333332,129.2734166666665,3.2832056184719938,0.47512000402603327,264
230,Spider-Woman_(Jessica_Drew),22,0.007340907497792916,0.01322555856783605,0.004222239816221766,-1.3937273405064334,131.58333333333317,135.63391666666655,2.695870954847952,-1.502513807661774,265
156,Misty_Knight,21,0.0060210997255721955,0.011881586156784826,0.004181282677046134,-1.4016001509261196,132.24999999999983,134.32791666666654,2.904480134317039,-0.7154177582816595,266
223,Spider-Girl,14,0.0018389525098775933,0.005505290319065616,0.002605661659286478,-1.4070659542927748,122.91666666666653,126.48333333333315,3.995628543736278,-0.8926422032543248,267
155,Mayday_Parker,18,0.004660898329696284,0.008852518976123982,0.00297618509575062,-1.4083870833210173,126.49999999999984,131.20716666666652,3.2227401242469624,-1.460610066338059,268
49,Cyclops_(Marvel_Comics),26,0.011747653026827624,0.017860658427487682,0.00433728040701426,-1.4094097745615184,127.33333333333312,139.55883333333327,2.303839626364877,-5.306575969999357,269
133,Jubilee_(character),15,0.002440850863670513,0.006718137655061662,0.003007410209678372,-1.422249208846233,121.83333333333314,127.92208333333316,3.3088147409955035,-1.8401604431223406,270
131,Jessica_Jones,18,0.004279117151630502,0.009175565323330564,0.0033978589347701937,-1.4410392737599689,133.16666666666652,131.68441666666652,2.821714811342499,0.525301137464979,271
228,Spider-Woman,17,0.002986675928767861,0.008515906183173631,0.0037410252293527857,-1.4779986542251553,125.83333333333319,130.53283333333317,3.1936913971717398,-1.4714947111551717,272
161,Morbius,19,0.004145977038869023,0.009943565654274546,0.003628390177409384,-1.5978404559415145,134.41666666666654,132.6228333333332,2.9862855656518477,0.6006904878642375,273
261,Venom_(character),29,0.013153420980705348,0.021533790481126122,0.004974571070089153,-1.684641626854993,140.41666666666654,142.1103333333333,1.8512739965724572,-0.9148654763165789,274
13,Betsy_Braddock,28,0.011845985097113357,0.020189024988767873,0.00485262127684108,-1.7192851895265975,140.16666666666657,141.37708333333327,2.037910819123414,-0.5939497721432926,275
238,Storm_(Marvel_Comics),27,0.009130319124596192,0.018859796130136035,0.004703870273710252,-2.0683982421703915,137.91666666666657,140.12708333333327,2.2064024379776943,-1.0018193547196619,276
16,Black_Cat_(Marvel_Comics),28,0.007148938280803568,0.02008364674464061,0.004944441109072304,-2.6160102180413882,137.66666666666657,141.12074999999996,2.0442969229709935,-1.6896192008710451,277
