node,character,degree,louvain_community,infomap_community,agreement,x,y
224,Spider-Man,106,3,0,True,-0.11698612955392945,-0.041395083225323766
109,Hulk,65,5,6,False,-0.005347042271616827,-0.032828070340563224
273,Wolverine_(character),63,1,1,True,0.09904794572403328,-0.0675349999307306
64,Doctor_Strange,57,4,3,True,-0.004319006978459264,0.036494555083150075
53,Deadpool,41,4,3,True,0.039534535066872684,0.12261699543980209
212,She-Hulk,37,5,0,True,-0.11452197983123162,0.07416487650492601
177,Phoenix_Force,32,1,1,True,0.08914530111081782,-0.13615077848917542
206,Scarlet_Witch,32,6,11,False,0.10304343314449181,-0.01621188086513963
20,Black_Panther_(character),31,0,2,True,-0.023491101945960387,0.05036437604674787
261,Venom_(character),29,3,0,True,-0.15290186321089266,-0.0844782153887802
13,Betsy_Braddock,28,1,1,True,0.1473609515076648,-0.07367369315048905
16,Black_Cat_(Marvel_Comics),28,3,0,True,-0.1121163908710806,-0.027171927179958595
45,Cloak_and_Dagger_(characters),28,7,2,False,-0.006609625588013918,-0.1053752913444366
146,Luke_Cage,28,0,2,True,-0.13726627888260615,-0.05342773787184084
71,Emma_Frost,27,1,1,True,0.18107576688236332,-0.0847818321530477
101,Hank_Pym,27,0,2,True,0.05450445519545538,0.05106796752549052
158,Moon_Knight,27,0,2,True,-0.13893921587916755,0.0445432915854943
238,Storm_(Marvel_Comics),27,1,1,True,0.09392588330313321,-0.03466487213611694
49,Cyclops_(Marvel_Comics),26,1,1,True,0.25524570189208573,-0.15925351874103388
105,Hercules_(Marvel_Comics),26,2,10,False,0.2167176164273763,-0.0401615041867071
119,Iron_Fist_(character),26,0,2,True,-0.18377212055487047,-0.06080388087439959
1,Adam_Warlock,25,2,5,True,0.0644597523235722,-0.11983939856806233
22,Black_Widow_(Natasha_Romanova),25,0,7,False,0.034310926697859456,0.17151555252669973
35,Cable_(character),24,1,1,True,0.23513901289587075,0.044024626337015114
127,Jean_Grey,24,1,1,True,0.1756591312244208,-0.15450977666038784
182,Quasar_(character),24,2,5,True,-0.026562323027817386,-0.10224598727903571
184,Rachel_Summers,24,1,1,True,0.18951585882321342,-0.10322159211929749
24,Blade_(character),22,4,3,True,-0.05026906660509026,0.11462388652797575
69,Eddie_Brock,22,3,0,True,-0.20181827685577214,-0.0010464898213795471
91,Ghost_Rider,22,4,3,True,-0.0823023539163594,-0.03903412765825345
230,Spider-Woman_(Jessica_Drew),22,3,0,True,-0.12211974340085469,-0.10199784504547953
156,Misty_Knight,21,0,2,True,-0.09037010132766507,0.02180047945229814
157,Mockingbird_(Marvel_Comics),21,0,7,False,0.013071717517672108,0.14834320329951514
170,Nova_(Richard_Rider),21,2,9,False,0.07067778658875525,-0.22888418604441985
255,U.S._Agent,21,0,4,False,-0.022339314900181338,0.2338243135884228
54,Deathlok,20,7,12,False,-0.1463710522967643,0.014381063145147796
151,Man-Thing,20,4,3,True,0.026454430683796056,0.08758363903988904
161,Morbius,19,4,3,True,-0.021632571074713537,0.07585537447358655
15,Black_Bolt,18,6,6,False,0.07238625705034578,-0.20787326965400607
113,Human_Torch,18,6,0,False,-0.010770869684062002,0.010943639912909026
131,Jessica_Jones,18,0,0,False,-0.06688573275022895,-0.11112142718125331
155,Mayday_Parker,18,3,0,True,-0.18398573290398448,-0.20024682695583204
167,Noh-Varr,18,2,5,True,0.12341694251245433,-0.19306213378432133
210,Shang-Chi,18,0,2,True,-0.03338223428011895,0.11572830862996465
229,Spider-Woman_(Gwen_Stacy),18,3,0,True,-0.25672450231335553,-0.056469498978601304
14,Bill_Foster_(character),17,0,2,True,-0.061693602195762906,0.0750219413199849
38,Captain_Marvel_(Marvel_Comics),17,2,5,True,0.10005886573080806,-0.19662559070880406
40,Captain_Universe,17,3,5,False,-0.12027846870264919,-0.21758816969422837
114,Human_Torch_(android),17,6,4,True,0.0375024745630714,0.3449673038083496
169,Northstar_(character),17,1,1,True,0.30126100439372483,-0.10004903215271908
228,Spider-Woman,17,3,0,True,-0.17086352290829832,-0.01883226124542737
233,Star-Lord,17,2,5,True,0.03199400144875676,-0.2191402125103211
7,Anya_Corazon,16,3,0,True,-0.2507440155753803,-0.1360137602750116
195,Rocket_Raccoon,16,2,5,True,0.04322109338667416,-0.17889228707524277
222,Spider-Bitch_(Ashley_Barton),16,3,0,True,-0.06385263983247733,-0.08085103081416238
232,Star_Brand,16,2,5,True,-0.16538020501334705,-0.24917914043847791
264,War_Machine,16,0,7,False,-0.04655969211460051,0.2098969946547921
52,Darkhawk,15,7,9,True,-0.01715553648163548,-0.3346917692346697
62,Doctor_Nemesis,15,1,1,True,0.12634550198623323,0.11117877437340716
70,Elsa_Bloodstone,15,4,3,True,-0.10236109484101494,0.11751243981907644
93,Ghost_Rider_(Johnny_Blaze),15,4,3,True,-0.16796975220536625,0.14168915569056767
100,Gwenpool,15,4,0,False,-0.03203152135628402,-0.04849501417653774
130,Jericho_Drumm,15,4,3,True,-0.0798005451992085,0.058693590058884144
133,Jubilee_(character),15,1,1,True,0.1932215423007672,-0.023714530495374586
159,Moondragon,15,2,5,True,0.06722313824929631,-0.26881862970526754
183,Quicksilver_(Marvel_Comics),15,6,11,False,0.15143823680950858,-0.10710169387270427
194,Robbie_Baldwin,15,5,0,True,-0.18064026764131783,-0.08825642547757305
198,Rom_the_Space_Knight,15,2,9,False,-0.016000961966303573,-0.2477214916262165
265,Werewolf_by_Night,15,4,3,True,-0.025092921216711132,0.190409954044965
84,Franklin_Richards_(character),14,6,11,False,0.12525552539887927,0.13293245441525836
132,John_Jameson_(character),14,3,0,True,-0.17302636552431208,0.015540128165041554
147,Machine_Man,14,4,12,False,-0.07276503322108675,-0.019713282448942673
223,Spider-Girl,14,3,0,True,-0.10755267009470426,-0.1603782388113489
79,Firebird_(Marvel_Comics),13,0,8,False,0.10331850978072575,0.07847044575435476
173,Paladin_(comics),13,0,2,True,-0.07372909996042668,0.11419633046210645
174,Patsy_Walker,13,0,0,False,0.01692491893036762,-0.062618205471092
219,Solo_(Marvel_Comics),13,5,12,False,0.0538173775499645,0.17842847736356912
242,Tarantula_(Marvel_Comics),13,0,8,False,0.046308032718758774,0.21528616530854208
33,Bucky_(Marvel_Comics),12,6,4,True,-0.005790040428231902,0.4301545591576293
58,Devil_Dinosaur,12,4,3,True,-0.034415529647586054,0.007124635377371977
104,Hellion_(character),12,1,1,True,0.28863753933829517,-0.18393605983700106
208,Sentry_(Robert_Reynolds),12,0,6,False,0.1229542616028479,-0.014463118054320483
217,Silk_(character),12,3,0,True,-0.24350834340645014,-0.1730242941330114
32,Brian_Braddock,11,5,6,False,-0.042786654249376894,0.1467351545002666
83,Frankenstein's_Monster_(Marvel_Comics),11,4,3,True,-0.14312548179480442,0.26596953639729515
111,Hulkling,11,6,11,False,0.2066484743052394,-0.20724260834370922
163,Ms._Marvel,11,2,0,False,-0.05565994247092644,-0.19525680529466408
185,Radioactive_Man_(comics),11,0,2,True,0.016729198583618664,0.053375671714475874
260,Vance_Astrovik,11,5,13,False,-0.24353930359628193,0.021124270487306293
263,Vulcan_(Marvel_Comics),11,1,1,True,0.20137570267126476,-0.308251814687746
272,Wolverine_(Ultimate_Marvel_character),11,1,1,True,0.31369580828032767,-0.050053219615478796
8,Arabian_Knight_(character),10,5,2,False,-0.11321395827388697,0.22134480272086332
92,Ghost_Rider_(Danny_Ketch),10,4,3,True,-0.15510272185880214,0.10395561472327243
94,Gladiator_(Kallark),10,1,1,True,0.04188324751144408,-0.2999304367168399
116,Hyperion_(character),10,2,5,True,0.15119681177044222,-0.20673812930516938
136,Karnak_(character),10,6,6,False,-0.03294634502939167,-0.23938343708491377
202,Sabra_(character),10,5,2,False,-0.12985073219666576,0.18654346227352722
203,Satana_(Marvel_Comics),10,4,3,True,-0.18693051102816938,0.10468940190025
214,Shuri_(character),10,0,2,True,0.04595475261287112,0.014297048843038977
0,Abomination_(character),9,5,0,True,-0.034479602145224046,-0.14977667816343873
9,Ares_(Marvel_Comics),9,2,10,False,0.3016200228156541,0.012859152601196399
27,Blue_Diamond_(character),9,6,4,True,0.26283871351743127,0.31185946302859713
61,Doctor_Druid,9,4,3,True,-0.19859319880716825,-0.03156011992990072
66,Doom_2099,9,1,2,False,-0.0842684054246909,-0.08863430273019432
140,Kismet_(Marvel_Comics),9,2,5,True,0.08337526856721551,-0.2977018073283982
171,Outlaw_(Marvel_Comics),9,4,3,True,0.3178799225652024,0.08568384809688552
178,Phyla-Vell,9,2,5,True,0.12023846315161515,-0.37833715596202
181,Puck_(Marvel_Comics),9,1,1,True,0.26377249242130885,-0.07361879708952074
190,Red_Wolf_(comics),9,0,8,False,0.16446822751887213,0.20627946313617052
226,Spider-Man_Noir,9,3,0,True,-0.21299294009709704,-0.1253809795051091
274,Xorn,9,1,1,True,0.21577894192931166,-0.10304924589232646
6,Anole_(character),8,1,1,True,0.3060134375172494,-0.25237573472578695
25,Blazing_Skull,8,5,4,False,-0.21166230839782327,0.23649450724298623
87,Gargoyle_(comics),8,5,0,True,-0.1470491325745263,-0.14532796323498773
90,Genis-Vell,8,2,5,True,0.16873118284649757,-0.4732685532574592
99,Guardsman_(character),8,0,13,False,-0.33200436652780335,0.15416579537633318
129,Jeffrey_Mace,8,6,4,True,0.08064346691037676,0.4826322608034238
142,Kristoff_Vernard,8,6,0,False,0.11043156708749438,-0.10200258516417067
188,Red_Guardian,8,0,7,False,0.09518028544922791,0.2740532169617559
205,Scarlet_Spider,8,3,0,True,0.014569890696045355,-0.008556343933858295
209,Shamrock_(comics),8,5,2,False,-0.16503238576916804,0.05675885755349466
227,Spider-UK,8,3,0,True,-0.3176040555272836,-0.2403898394575835
237,Stingray_(Marvel_Comics),8,6,6,False,-0.11419547767611944,-0.19052783007302598
258,Union_Jack_(Marvel_Comics),8,5,4,False,-0.20554350531765744,0.3964878998046395
268,Whizzer_(Robert_Frank),8,6,4,True,0.08888859665434638,0.2097473749978983
12,Beta_Ray_Bill,7,2,10,False,0.1965881612426106,0.0038480701857943576
18,Black_Knight_(Marvel_Comics),7,0,2,True,0.21324112610869342,0.1490760948791638
30,"Bob,_Agent_of_Hydra",7,4,3,True,0.18825228108893247,0.09627893089454799
56,Delroy_Garrett,7,0,8,False,0.10181014602833484,0.3591219576271973
63,Doctor_Spectrum,7,2,5,True,-0.009055081000706993,-0.16841735987915307
78,Fin_Fang_Foom,7,4,3,True,0.08189812409860302,0.09507922928909755
88,Garrison_Kane,7,1,1,True,0.3528105302809172,0.1534375854985391
98,Guardian_(Marvel_Comics),7,1,1,True,0.5010788700434204,-0.08149028831193779
123,Isaiah_Bradley,7,0,2,True,0.08777654270819885,0.14532144828533966
124,Jack_Frost_(Marvel_Comics),7,6,4,True,0.24038473461315588,0.3528683643265732
139,Killraven,7,3,2,False,-0.20297470665506878,0.1381168991504473
152,Mania_(character),7,3,0,True,-0.18283513632957443,-0.12699008791289398
197,Rockslide_(character),7,1,1,True,0.25108377189382103,-0.22065029463977168
199,Ronin_(Marvel_Comics),7,0,7,False,-0.03194909637669672,0.283521007435753
221,Speed_(character),7,6,11,False,0.27602786785365824,-0.13407076029086512
251,Toro_(character),7,6,4,True,-0.03132685558224014,0.3318079334715766
257,Union_Jack_(Joseph_Chapman),7,5,4,False,-0.16895566627432468,0.4953626144649101
275,Yelena_Belova,7,0,7,False,0.020488782032550078,0.26619655287534755
19,Black_Marvel,6,3,14,False,-0.287421307234791,-0.06239924504559656
42,Ch'od,6,1,1,True,0.22217851547768114,-0.3667529608138952
43,Chase_Stein,6,7,9,True,0.17209212430747853,-0.39725548083964635
68,Dusk_(comics),6,3,14,False,-0.33014186301472365,-0.28878201378217033
85,Frog-Man,6,3,0,True,-0.3215793682196889,-0.0057419824636547176
89,Gauntlet_(Joseph_Green),6,5,13,False,-0.17969736533472794,0.21151320827617065
107,Hornet_(comics),6,3,14,False,-0.25580701531327826,-0.2877212541960106
120,Iron_Lad,6,6,11,False,0.30565257321348327,-0.20773657850144822
122,Iron_Man_2020,6,3,12,False,-0.2775972455207862,-0.013152081059700622
135,Justice_(New_Universe),6,2,5,True,-0.35125767228307875,-0.3468068471926409
143,Leech_(character),6,1,1,True,0.3939093202763641,0.029672756041520847
145,Living_Lightning,6,2,10,False,0.2209462021838513,0.061459512865616475
150,Makkari_(character),6,2,15,False,0.44323083545388653,0.036754877659412745
168,Nomad_(Marvel_Comics),6,6,4,True,0.10254946779626303,0.4281430218945867
192,Ricochet_(comics),6,3,14,False,-0.19625351472118835,-0.30502096525049643
193,Rikki_Barnes,6,6,4,True,-0.17683899881972684,0.3094066275506228
213,She-Hulk_(Lyra),6,3,6,False,0.04387253799863771,-0.04957844518423774
231,Spitfire_(character),6,5,4,False,-0.06483773319302907,0.4754269302726592
234,Starhawk_(character),6,2,5,True,-0.022960780373506746,-0.4088157468802798
253,Two-Gun_Kid,6,0,8,False,0.1904953865540191,0.32965463085410873
262,Vindicator_(comics),6,1,1,True,0.4944393548007039,-0.041473044919237485
2,Agent_X_(Marvel_Comics),5,4,3,True,0.31604339663471426,0.24621150484942064
5,Anne_Weying,5,3,0,True,-0.3064784060016315,0.08986344386216484
29,Blue_Marvel,5,0,6,False,-0.006698325242857428,-0.2809935389390137
55,Debrii,5,5,13,False,-0.33559833464461886,0.2602059266190191
72,Empath_(character),5,1,1,True,0.48442380837027793,-0.1721618476143109
96,Gorgon_(Inhuman),5,6,6,False,0.04703503543899928,-0.4350924907371166
112,Human_Fly_(character),5,3,0,True,-0.3474215091445705,-0.1562264418663384
115,Hybrid_(Scott_Washington),5,3,13,False,-0.4198307117218164,-0.0029315808936369613
117,Ikaris,5,2,15,False,0.5144784094336592,0.09418106518003314
121,Iron_Man_(Ultimate_Marvel_character),5,0,7,False,0.16991655513604456,0.14447853836590338
126,Janice_Lincoln,5,0,2,True,-0.27235931317469764,0.0668677251001729
128,Jean_Grey_(X-Men_film_series),5,1,1,True,0.3972133191506152,-0.17957036399301518
165,Nightmask,5,2,5,True,-0.3848160068897797,-0.5557976501534742
176,Phil_Urich,5,3,9,False,-0.23884336479975896,-0.453464518311354
187,Raza_Longknife,5,1,1,True,0.3336210751209757,-0.32966913189683306
189,Red_Raven_(Marvel_Comics),5,6,4,True,0.2859629917451135,0.10588985310081152
211,Shatterstar,5,1,1,True,0.47797158219541375,0.14531108504668644
240,Surge_(Marvel_Comics),5,1,1,True,0.39197104363337465,-0.23274066751078729
252,Turbo_(comics),5,2,9,False,-0.0663003487427446,-0.6050849134493798
267,White_Tiger_(comics),5,0,2,True,-0.34839381952744786,0.037628254790614074
271,William_Burnside_(character),5,6,4,True,-0.05138134028605724,0.4454467215913162
3,Ajak,4,2,15,False,0.6434037464176727,0.04316703690523901
21,Black_Rider_(character),4,0,8,False,0.21313375011179533,0.40606762690802284
34,Bug_(Marvel_Comics),4,2,5,True,0.09903517954673571,-0.5042509767200297
36,Cammi_(character),4,7,9,True,0.12157986129766588,-0.5697845329856529
48,Crippler_(character),4,7,0,False,-0.35755896773339424,-0.07536892412552652
51,Darkdevil,4,4,3,True,-0.2630455054381843,-0.22987394467936684
97,Gremlin_(comics),4,5,0,True,-0.15096916655062023,-0.3521647916869796
106,Hit-Monkey,4,4,3,True,0.06740374533080502,-0.09382338192036054
110,Hulk_2099,4,2,2,False,-0.3112233906384256,-0.19798336923580725
125,Jack_Monroe_(character),4,6,4,True,0.06803079843391291,0.5206894435147146
137,Kid_Colt,4,0,8,False,0.27038866209945867,0.39217925037623835
141,Korvus,4,1,1,True,0.2864784298094236,-0.3807120464074099
144,Lei_Kung_(character),4,1,2,False,0.004799035459465721,-0.3781517476629774
162,Motormouth_(comics),4,5,6,False,-0.3477669095439508,0.17995527501942749
166,Nightwatch_(character),4,7,0,False,-0.331145590598482,-0.10239391767740626
179,Power_Man_(Victor_Alvarez),4,0,2,True,-0.377108883712707,-0.13564818772602605
180,Powerhouse_(Marvel_Comics),4,2,9,False,-0.06213691947313422,-0.3670415977032103
186,Ravage_2099,4,3,2,False,-0.37751332207926636,0.04556415479417067
201,Rusty_Collins,4,1,1,True,0.526480427706816,-0.11872378316704454
236,Steel_Spider,4,3,0,True,-0.4256211999239707,-0.18538478509957249
246,Thin_Man_(character),4,6,4,True,0.23481405105684647,0.5349537910259353
247,Thor_Girl,4,0,8,False,-0.2304801959754233,0.2933257310396057
254,Typeface_(character),4,5,0,True,-0.23236634063070608,0.18055335142498108
259,Ursa_Major_(character),4,0,7,False,0.16416346292329345,0.25473228938361814
276,Zombie_(comics),4,4,3,True,-0.07324662138097586,0.3340722104663685
10,Balder_the_Brave,3,2,10,False,0.5954796311597027,-0.06574766523802344
11,Battlestar_(character),3,5,4,False,0.006964958370817252,0.546869641945617
26,Blue_Bullet,3,1,4,False,0.14753088852479534,0.5567900070758268
31,Box_(comics),3,1,1,True,0.6981852661611014,0.06822148003558585
37,Captain_Marvel_(Khn'nr),3,2,5,True,0.3038815250387739,-0.4457871598030441
41,Caretaker_(comics),3,4,3,True,-0.4095154651581779,0.17094017879069703
44,Citizen_V,3,6,4,True,0.35903529928006767,0.41061209277595545
47,Crane_Mother,3,5,2,False,-0.18241797657014963,-0.3865623683081169
76,Fabio_Medina,3,1,1,True,0.09597372917945737,-0.37211930964351436
81,Flatman_(character),3,2,10,False,0.39676170150403994,0.1840472417563336
86,G._W._Bridge,3,1,1,True,0.4240762804604517,0.2857707424567909
95,Golem_(Marvel_Comics),3,1,4,False,0.17589995362317945,0.3987392088123635
102,Hawkeye_(comics),3,0,7,False,0.1598670537102,0.4495107431115721
118,Inferno_(Dante_Pertuz),3,6,6,False,0.023168027773100227,-0.563028477146823
138,Killpower,3,5,6,False,-0.3296064705629602,0.23246750500112487
148,Magician_(Marvel_Comics),3,1,1,True,0.4269157015682061,-0.051159719011755034
154,Marvel_Boy_(Robert_Grayson),3,0,8,False,0.26715664550846,0.2456140080071653
172,Oya_(comics),3,1,1,True,0.40629460308598003,-0.1483304223483507
175,Peggy_Carter,3,5,6,False,-0.490162302073198,0.2595694852446195
218,Skull_the_Slayer,3,5,4,False,-0.40787389388140716,0.08701635721728385
225,Spider-Man_(Marvel_Mangaverse),3,3,0,True,-0.3833947149698595,-0.2064984001833817
235,Starr_the_Slayer,3,2,5,True,-0.4479678725818331,-0.5481210369264938
245,Thena,3,2,15,False,0.777739543050564,0.10106299151244927
256,Ulysses_Bloodstone,3,4,3,True,-0.3350666748260573,0.3481352109957054
266,White_Tiger_(Heroes_for_Hire),3,0,2,True,-0.4847019075615897,1.0754000769747515e-05
269,Wild_Child_(character),3,1,1,True,0.5561449471519632,-0.21781289400590415
270,Will_o'_the_Wisp_(comics),3,5,8,False,-0.26696710798076834,0.27406449628695645
4,Alex_Wilder,2,7,9,True,0.17617476424515452,-0.5525161179831942
23,Blackwulf,2,7,12,False,-0.17459376841389057,0.35235321900097394
46,Coldblood,2,7,12,False,-0.011660611835682587,-0.43769772909943155
50,Dargo_Ktor,2,2,10,False,0.5517304817639275,0.0161994537164719
59,Devil_Hulk,2,5,6,False,-0.28024360615347954,-0.3513761813425952
67,Dragon_Lord_(character),2,0,8,False,0.19018976955755942,0.5448001997233213
73,Emrys_Killebrew,2,4,3,True,0.3624670456991601,0.20049556942176172
77,Fandral,2,5,10,False,0.4803999328767024,-0.13652989030752657
80,Firelord_(character),2,2,10,False,0.21094222021595238,-0.3367593529476009
108,Hrimhari,2,4,3,True,0.41082969480407033,0.38749031458010136
134,Junior_Juniper,2,1,1,True,0.4007492407415993,-0.3474832988481444
196,Rockman_(character),2,0,16,False,0.3688066213523099,0.6588533323362175
200,Ruby_Summers,2,1,1,True,0.5166570343575934,-0.29942181340646645
204,Scarlet_Scarab,2,6,4,True,-0.253755941736941,0.4671005397657074
207,Scorpio_(Marvel_Comics),2,3,1,False,-0.09153633777618454,0.2657454084655207
215,Silencer_(comics),2,5,7,False,-0.1854269828306167,0.4353858087100784
216,Silhouette_(comics),2,0,2,True,-0.48034942234616956,-0.10501242363139762
239,Straw_Man_(comics),2,4,3,True,-0.24182427075938437,0.3876710569591955
241,Synapse_(character),2,6,11,False,0.4821975823966677,-0.36728614538721954
243,The_Union_(Marvel),2,5,4,False,-0.3293607312885846,0.7232321849559318
248,Thunderbolt_(Marvel_Comics),2,0,2,True,-0.4994735852970175,-0.16879798038919241
250,Timeslip_(comics),2,5,0,True,-0.499925794499842,0.05673529753350587
17,Black_Jack_Tarr,1,0,2,True,-0.24322889321924815,0.5642268124819148
28,Blue_Eagle_(character),1,0,7,False,0.2659502749611665,0.59802081186011
39,Captain_Ultra,1,4,3,True,-0.11094910654249407,0.5288934956971448
57,Detroit_Steel,1,0,7,False,-0.12326201002775239,0.6792280556480326
60,Digitek_(character),1,7,12,False,-0.5801541651428471,0.22978063908323643
65,Dogpool,1,4,3,True,0.04892477902479723,0.6190193268818983
74,Enigma_(Marvel_Comics),1,3,0,True,-0.5842041942649802,-0.20850943640110417
75,Ethan_Edwards,1,3,0,True,-0.5539413883056883,-0.2712325039962304
82,Force_(comics),1,0,13,False,-0.7130830233616531,0.3739034131353475
103,Helix_(Marvel_Comics),1,3,0,True,-0.6018725113434089,-0.13739975638580534
149,Mahr_Vehl,1,2,5,True,0.31067612015147944,-0.8615021281818699
153,Mark_Hazzard:_Merc,1,2,5,True,-0.6083538152025184,-0.8727771137140672
160,Moonglow_(comics),1,4,3,True,-0.27196241946054045,-0.4042386169070713
164,NFL_SuperPro,1,3,0,True,-0.5150164177779846,-0.33099535190202256
191,Redneck_(comics),1,2,9,False,-0.10205092115110519,-1.0
220,Solomon_Kane_(comics),1,0,2,True,-0.6069805484504791,0.1694350074281312
244,The_Witness_(character),1,0,16,False,0.5865652471403825,0.9660012948019513
249,Thunderclap_(comics),1,3,0,True,-0.6093058510340814,-0.06432988827798768
